text,intent
how do i claim after my father passed away,claims
what documents do i need for a death claim,claims
how long does it take to pay out a claim,claims
my claim was declined why,claims
can i submit a claim online,claims
i want to claim for disability,claims
what do i need for a dread disease claim,claims
when will my claim be paid,claims
is there an update on my claim,claims
my mother died how do i get the money,claims
what forms do i fill in to claim,claims
claim rejected what can i do,claims
how do i report a death,claims
do i need a death certificate to claim,claims
how to claim for a critical illness,claims
my debit order bounced what happens,premiums
can i change my debit order date,premiums
why did my premium go up,premiums
i missed a payment is my cover still active,premiums
what is the grace period,premiums
how much will my premium increase each year,premiums
my policy lapsed can i reinstate it,premiums
how do i pay my premium,premiums
can i pay my arrears,premiums
why is my monthly payment higher this year,premiums
what happens if i miss two premiums,premiums
how do i restart a lapsed policy,premiums
when does the debit order go off,premiums
can i pay premiums annually,premiums
what is the escalation on my premium,premiums
how do i change my beneficiary,beneficiaries
can i add my wife as a beneficiary,beneficiaries
who gets the money if i have no beneficiary,beneficiaries
can my child be a beneficiary,beneficiaries
how do i split the payout between my kids,beneficiaries
i want to remove my ex as beneficiary,beneficiaries
can a minor receive the payout,beneficiaries
what percentage does each beneficiary get,beneficiaries
update beneficiary details,beneficiaries
who receives the benefit when i die,beneficiaries
can i nominate more than one person,beneficiaries
my beneficiary passed away what now,beneficiaries
do beneficiaries have to be family,beneficiaries
where do i update my nominees,beneficiaries
does the estate get the money,beneficiaries
i want to cancel my policy,cancellations
how do i cancel my life cover,cancellations
can i get my money back if i cancel,cancellations
what is the cooling off period,cancellations
will i get a refund if i cancel now,cancellations
i cannot afford my policy anymore,cancellations
how do i stop my policy,cancellations
cancel cover and stop debit order,cancellations
can i reduce my cover instead of cancelling,cancellations
is there a penalty for cancelling,cancellations
i just took the policy and want to cancel,cancellations
terminate my policy please,cancellations
do i get cash back when cancelling,cancellations
how much notice to cancel,cancellations
lower my premium instead of cancel,cancellations
